WP 1.0 bot,6589889
Cydebot,6336698
ClueBot NG,5196209
AnomieBOT,4361942
SmackBot,3171007
Yobot,2823974
Addbot,2712291
InternetArchiveBot,2683840
EmausBot,1961489
Monkbot,1556995
AAlertBot,1555931
RjwilmsiBot,1511640
KasparBot,1487075
Xqbot,1482497
ClueBot,1464818
InceptionBot,1368367
MediaWiki message delivery,1287683
COIBot,1250043
RussBot,1119886
KolbertBot,1106100
Cyberbot I,1063132
AvicBot,1047660
The Anomebot2,930853
GreenC bot,922837
DeltaQuadBot,901683
Luckas-bot,899725
Legobot,873298
SporkBot,871187
Lowercase sigmabot III,865857
Bender the Bot,861058
FrescoBot,820780
BG19bot,819068
SineBot,796817
JJMC89 bot,770482
Lightbot,763848
AlexNewArtBot,725615
ClueBot III,696946
ZéroBot,682102
XLinkBot,598314
MiszaBot III,565801
Citation bot,565488
RMCD bot,561055
OrphanBot,560033
TXiKiBoT,548073
ListeriaBot,504790
VeblenBot,501236
Reports bot,492131
DPL bot,470498
Helpful Pixie Bot,470347
BattyBot,466511
DatBot,462572
Thijs!bot,462174
HBC AIV helperbot5,452104
VolkovBot,429397
TedderBot,419847
Fbot,419194
D6,371913
SieBot,368519
BOTijo,361813
BetacommandBot,360815
Alaibot,349055
BD2412bot,342849
EdwardsBot,339000
Bluebot,322505
JL-Bot,321751
HasteurBot,316245
Full-date unlinking bot,307536
Mathbot,303103
ImageRemovalBot,300759
MiszaBot II,297723
HostBot,295412
DASHBot,291068
CmdrObot,283821
PrimeBOT,282302
YurikBot,280697
RonBot,277564
Magic links bot,264974
VoABot II,257578
Cyberbot II,257253
Eubot,254791
HBC AIV helperbot7,252997
ArthurBot,252826
VIAFbot,244222
SoxBot,239540
BU RoBOT,230312
BotMultichill,229975
Escarbot,228295
FlaBot,217135
Erik9bot,215397
AntiVandalBot,212247
Ops Monitor (WMF),207617
Theo's Little Bot,205139
DumZiBoT,200641
Scsbot,197917
JJMC89 bot III,196401
B-bot,195725
Amalthea (bot),192611
Alexbot,187239
Xenobot,184254
DeprecatedFixerBot,173232
RFC bot,173069
MystBot,171038
Kbdankbot,168901
EarwigBot,168407
YFdyh-bot,165506
Kotbot,164920
Dexbot,163965
Chobot,162301
BracketBot,161438
JAnDbot,160307
MartinBot,152947
ImageTaggingBot,145519
Rambot,144520
GrouchoBot,144081
HBC AIV helperbot3,139771
WikitanvirBot,139624
Zorrobot,138908
Filedelinkerbot,138758
RM bot,137364
Polbot,136559
DYKUpdateBot,133929
DumbBOT,132157
CorenSearchBot,131563
Detroiterbot,130558
RedBot,130552
CheMoBot,128221
H3llBot,127813
Maintenance script,126995
BJBot,125970
Hazard-Bot,122401
DrilBot,121419
Citation bot 1,120407
MetsBot,119791
LaaknorBot,119635
MusikBot,116282
JarBot,115186
NoomBot,114280
Tom.Bot,114263
NihlusBOT,114119
STBotI,113443
Hmainsbot1,112923
SQLBot,108854
ArmbrustBot,108560
???? robot,106939
Acebot,103521
Makecat-bot,100661
LucienBOT,99282
Pearle,97977
ChuispastonBot,97776
PseudoBot,96667
BryanBot,96255
Rei-bot,95979
BernsteinBot,94611
Robbot,93522
Numbo3-bot,93479
Invadibot,93009
KLBot2,92856
AlleborgoBot,92406
DFBot,89740
DarknessBot,89191
Snotbot,89089
OKBot,84922
DYKHousekeepingBot,84080
Bot1058,80038
HBC Archive Indexerbot,78638
RobotG,78621
JCW-CleanerBot,77385
Tawkerbot,77139
Ganeshbot,76068
CactusBot,75979
Mr.Z-bot,74510
DannyS712 bot,74151
AvocatoBot,73098
SuggestBot,72796
AdminStatsBot,71354
BrownBot,71235
DSisyphBot,70957
RibotBOT,70576
MiszaBot,69401
GA bot,67250
CanisRufus,66820
Josvebot,66541
HBC AIV helperbot,66152
FairuseBot,65805
Ptbotgourou,65438
Lowercase sigmabot II,65070
Ahechtbot,64768
ArticleAlertbot,63407
Alphachimpbot,62805
HotArticlesBot,61509
MastiBot,60484
LivingBot,59760
VoxelBot,59557
Wikinews Importer Bot,59424
Redirect fixer,58905
The wubbot,58818
CitationCleanerBot,57513
MalafayaBot,55942
TuHan-Bot,55605
Amirobot,54960
FoxBot,54514
Chris G Bot 3,54371
Idioma-bot,54344
Erwin85Bot,54341
DragonBot,54274
EnterpriseyBot,53976
FastilyBot,53459
PotatoBot,52467
HRoestBot,52072
KamikazeBot,51685
Uncle G's major work 'bot,51640
JackieBot,51536
Ralbot,51287
Werdnabot,51174
STBot,49406
Sethbot,48085
MadmanBot,47547
????????,47078
Drinibot,46719
Thehelpfulbot,46439
TheSandBot,45782
Shadowbot3,45319
Rezabot,45308
PixelBot,44723
Svenbot,44576
Gdrbot,44420
ReferenceBot,44295
HBC AIV helperbot11,44166
DefaultsortBot,44105
DOI bot,43894
SashatoBot,43877
TokenzeroBot,43763
Maelgwnbot,43238
TobeBot,42786
JYBot,42449
MartinBotIII,42232
MelonBot,42132
Rubinbot,42103
DyceBot,42042
SassoBot,41812
GimmeBot,41469
SilvonenBot,40734
ClueBot II,40148
718 Bot,39959
Qbugbot,39857
WOSlinkerBot,39450
Obersachsebot,39121
MGA73bot,38727
Bibcode Bot,38688
Muro Bot,38412
TPBot,38379
HBC AIV helperbot2,38346
Eskimbot,38233
DinoBot2,38152
ProteinBoxBot,38128
STBotD,38020
D'ohBot,37306
DHN-bot~enwiki,36987
Petan-Bot,36666
AntiSpamBot,36589
CapitalBot,36387
AP.BOT,36168
OgreBot,36026
J Milburn Bot,35652
KevinBot,35579
Ripchip Bot,34717
Sandbot,34647
Rick Bot,34202
OAbot,34129
PipepBot,33963
Stefan2bot,33789
MarshBot,33155
WinBot,33146
BOTarate,32971
BHGbot,32350
SoxBot V,32060
HagermanBot,31926
ChzzBot II,31738
FeedBot,31614
One bot,31560
SoxBot IV,31357
YiFeiBot,30907
ArticlesForCreationBot,30522
HBC NameWatcherBot,30390
Curpsbot-unicodify,30261
SPCUClerkbot,29691
SoxBot III,29492
MifterBot I,29285
JBradley Bot,29088
BogBot,28854
TjBot,28444
Guanabot,28329
WikiCleanerBot,27941
CSDWarnBot,27851
TaBOT-zerem,27587
SteveBot,27479
Scepbot,27425
Commander Keane bot,27269
Mjbmrbot,26672
KingpinBot,26371
AMbot,26027
Android Mouse Bot 2,25915
LyricsBot,25870
Whobot,25854
Broadbot,25848
MerlIwBot,25816
Fluxbot,25777
Sambot,25616
MifterBot,25588
A4bot,25387
Chartbot,25352
William Avery Bot,25308
Reedy Bot,25246
Conversion script,25082
Dinamik-bot,24839
DASHBotAV,24695
JoeBot,24520
RonaldBot,24323
Phe-bot,24307
KrimpBot,24088
WildBot,23658
Lowercase sigmabot,23536
SharedIPArchiveBot,23408
SDPatrolBot,23309
JhsBot,23036
Tangobot,22996
ZackBot,22781
AWeenieBot,22717
ShepBot,22563
MPUploadBot,22511
IznoBot,22509
HBC AIV helperbot4,22500
OverlordQBot,22231
Staeckerbot,22229
WikiStatsBOT,22208
Synthebot,21831
NekoDaemon,21524
AndersBot,21439
RoboMaxCyberSem,21073
SatyrBot,20850
BOT-Superzerocool,20386
CarsracBot,20150
BotanyBot,19973
WelcomerBot,19849
VoABot,19807
EranBot,19702
Vagobot,19199
EmxBot,19195
Zwobot,19085
BenzolBot,18851
WugBot,18843
KarlsenBot,18799
JaGaBot,18755
Gnome (Bot),18452
Vina-iwbot~enwiki,18380
Pegasusbot,18366
AlnoktaBOT,18303
Legobot II,17458
SQLBot-Hello,17128
CobraBot,17082
LordAnubisBOT,16998
Kyle the bot,16927
Harej bot,16794
DYKadminBot,16736
Locobot,16687
RBot~enwiki,16536
Justincheng12345-bot,16464
Seedbot,16438
FACBot,16272
Roboto de Ajvol,16166
RobotE,16101
NationalRegisterBot,16086
MerlLinkBot,15876
ContinuityBot,15783
NjardarBot,15704
EdoBot,15554
SoxBot II,15508
Alph Bot,15480
KnightRider~enwiki,15392
DodoBot,15261
DorganBot,15250
COBot,15066
VWBot,14977
GrinBot~enwiki,14897
UsuallyNonviolentBot,14853
KocjoBot~enwiki,14737
Snowbot,14524
WeggeBot,14179
PeerReviewBot,14077
RileyBot,14072
MondalorBot,14026
UTRSBot,14010
MauritsBot,13971
DRN clerk bot,13919
Kumi-Taskbot,13914
Jumbuck,13902
^demonBot2,13867
AfDBot,13707
MBisanzBot,13590
ArkyBot,13474
BAGBot,13366
SelketBot,13332
Zorglbot,13280
MSBOT,13189
Tsca.bot,13033
AnomieBOT III,12949
XyBot,12868
JdforresterBot,12837
CounterVandalismBot,12779
Jitse's bot,12610
RebelRobot,12579
28bot,12540
Crypticbot,12467
DixonDBot,12462
RscprinterBot,12452
Almabot,12344
ZhBot,12210
TinucherianBot,12077
NetBot,12064
LinkFA-Bot,12024
Grafikbot,11913
Lonjers french region rename bot,11891
Lucasbfrbot,11882
TechBot,11822
UnCatBot,11714
BotKung,11707
HersfoldArbClerkBot,11405
Cewbot,11145
SD5bot,11127
Mairibot,11109
Chlewbot,11107
MenoBot,11018
CocuBot,10975
NW557Bot,10973
Gerakibot,10967
Cerabot~enwiki,10863
Luasóg bot,10597
AkhtaBot,10551
HiW-Bot,10529
Ligulembot,10499
SimplexityBot,10382
SteenthIWbot,10356
SamatBot,10250
ThePhantomBot,10244
LaraBot,10081
EsquivalienceBot,9650
Kasirbot,9628
MessageDeliveryBot,9604
StatisticianBot,9548
Chem-awb,9480
Darkicebot,9475
Syrcatbot,9434
StigBot,9432
DarafshBot,9387
Mentibot,9369
HerculeBot,9095
CrimsonBot,9084
BsherrAWBBOT,9069
Xenobot Mk V,9048
McM.bot,8954
Sagabot,8903
Bot0612,8899
WebCiteBOT,8896
Anchor Link Bot,8895
WatchlistBot,8836
DefconBot,8805
ErfgoedBot,8677
El bot de la dieta,8593
Louperibot,8553
VVVBot,8498
PkbwcgsBot,8250
RaptureBot,8129
BrokenAnchorBot,8040
TheMagikBOT,8033
RotlinkBot,7960
JCbot,7933
DemonDays64 Bot,7878
RoryBot,7846
Estirabot,7730
Pokbot,7695
LatitudeBot,7691
AccReqBot,7666
Nallimbot,7523
CommonsNotificationBot,7513
Femto Bot,7466
PDFbot,7452
Maksim-bot,7452
ENewsBot,7306
Jogersbot,7206
AFD Bot,7190
SpellingBot,7135
Margosbot~enwiki,7068
MoohanBOT,7011
Kingbotk,6916
IluvatarBot,6906
Purbo T,6470
AlanBOT,6391
Galobot,6370
SSTbot,6344
VixDaemonBot,6296
Jotterbot,6278
Muninnbot,6271
TPO-bot,6256
KittyBot,6229
BodhisattvaBot,6184
MenasimBot,6084
NihiltresBot,6026
Abotzi,5905
MenoBot II,5887
Le Pied-bot~enwiki,5846
LawBot,5841
ChenzwBot,5766
DeadBot,5702
BenoniBot~enwiki,5677
VedeBOT,5673
ElphiBot,5658
WoodwardBot,5602
Chris G Bot,5572
CountryBot,5566
YonaBot,5558
GargoyleBot,5551
Merge bot,5445
EssjayBot II,5438
HasharBot~enwiki,5432
GurchBot,5369
WikiDreamer Bot,5299
RefDeskBot,5269
MediationBot,5249
Martin's bot,5197
MilHistBot,5157
Itubot,5156
SeveroBot,5152
MoondyneAWB,5102
EarwigBot III,5066
AfDStatBot,5017
Milk's Favorite Bot,4984
EBot II,4957
Android Mouse Bot 3,4940
Lt-wiki-bot,4850
SvickBOT,4836
ImageBacklogBot,4828
TuvicBot,4665
Uncle G's 'bot,4665
XZeroBot,4644
Beastie Bot,4633
John Bot III,4610
TinucherianBot II,4598
WaldirBot,4544
ClickBot,4533
CohesionBot,4520
WolterBot,4502
Hxhbot,4479
Dreamy Jazz Bot,4468
Movses-bot,4382
Loveless,4372
PbBot,4351
Soulbot,4348
FANSTARbot,4338
EssjayBot,4316
AmphBot,4293
Nobot~enwiki,4290
HBC AIV helperbot 8,4228
KaiserbBot,4210
JVbot,4204
UcuchaBot,4181
GhalyBot,4115
Skumarlabot,4102
RockfangBot,4033
WuBot,4030
Ugur Basak Bot~enwiki,3996
ST47Bot,3988
AnomieBOT II,3980
BotMultichillT,3941
Wikibot,3926
PlankBot,3919
Ginosbot,3918
Ken123BOT,3912
DomBot,3898
Sahimrobot,3878
Arbitrarily0Bot,3866
Grammarbot,3858
3RRBot,3841
ARSBot,3831
SundarBot,3782
OmniBot,3778
EleferenBot,3777
ZsinjBot,3728
Adlerbot,3726
SelectionBot,3716
SoxBot VI,3637
MMABot,3612
ClueBot Commons,3608
OldMedcabBot,3588
PNG crusade bot,3578
Sz-iwbot,3575
Aksibot,3575
AstRoBot,3550
AdambroBot,3452
MuZebot,3445
Mdann52 bot,3419
ToePeu.bot,3405
AstaBOTh15,3317
PolarBot,3308
FileBot,3303
FA Template Protection Bot,3295
Jayden54Bot,3219
WarddrBOT,3198
ChandlerMapBot,3187
MediationBot1,3161
Yonidebot,3116
DcoetzeeBot~enwiki,3068
KevinalewisBot,3023
AvicBot2,3005
Minsbot,2982
Emijrpbot,2959
MusikBot II,2958
PearBOT,2924
Albambot,2913
HtonlBot,2903
Jmax-bot,2811
Vini 17bot5,2804
TweetCiteBot,2798
VFD Bot,2787
R Delivery Bot,2764
PleaseStand (bot),2740
Sumanthk,2730
AZPR,2722
WolfBot,2721
DirlBot,2713
MartinBotIV,2690
Muhbot,2687
FiriBot,2677
SpaceFactsBot,2647
JamietwBot,2613
BepBot,2610
N-Bot,2525
Image Screening Bot,2476
Ohms Law Bot,2440
Amolbot,2393
H92Bot,2382
Kakashi Bot,2378
ImageTagBot,2368
Rfambot,2355
Tanhabot,2342
Rschen7754bot,2341
Diego Grez Bot,2333
Lucia Bot,2298
Signpost Book Bot,2293
EssjayBot III,2286
KadaneBot,2269
SEWilcoBot,2267
Byrialbot,2262
BetBot~enwiki,2261
Helsabot,2240
TonyBot,2238
Bot-Schafter,2233
WouterBot,2228
NodBot,2215
TFA Protector Bot,2209
RagesossBot,2207
NukeBot,2201
TestEditBot,2191
Giggabot,2188
MahdiBot,2181
HappyBot,2180
TottyBot,2167
StatusBot,2131
Chrisbot,2107
ProtectionTaggingBot,2101
Wiki Feed Bot,2095
BorgardeBot,2080
Bot523,2069
RFRBot,2042
AVBOT,2016
DYKBot,1986
Bocianski.bot,1962
Blood Oath Bot,1955
TAP Bot,1951
Robert SkyBot,1949
PascalBot,1881
MinusBot,1872
G-Bot~enwiki,1852
CopyToWiktionaryBot,1830
Taxobot 1,1830
NedBot,1827
AmeliorationBot,1824
KslotteBot,1823
LDBot,1797
FaleBot,1783
HarrivBOT,1775
BlevintronBot,1763
Zxabot,1758
ListasBot,1745
Bikabot,1744
Ocobot,1730
Kl4m-AWB,1714
IPTaggerBot,1711
PointBot,1701
Ver-bot,1694
Kwjbot,1693
CricketBot,1692
EjsBot,1689
SoxBot X,1664
SpillingBot,1663
SoxBot VIII,1646
Italic title bot,1608
RobotJcb,1599
Tom's Tagging Bot,1573
WikiBotas,1545
ListGenBot,1524
Wybot,1523
CrazynasBot,1516
Plasticbot,1472
Android Mouse Bot,1466
Peti610botH,1459
MonoBot,1434
FPBot,1427
JabbaTheBot,1424
KarBOT,1420
Pathosbot,1415
DustyBot,1382
InfoboxBot,1379
Taxobot 2,1349
Huzzlet the bot,1312
Ramaksoud2000Bot,1303
EBot IV,1291
ClueBot IV,1289
RoboServien,1288
DustaBot,1280
AzaBot,1277
ABot,1257
Fetofsbot,1255
Snaevar-bot,1237
Kisbesbot,1232
Eivindbot,1230
BotdeSki,1222
Yet Another Redirect Cleanup Bot,1218
Thadius856AWB,1217
Android Mouse Bot 4,1215
DannyS712 bot II,1205
Citation bot 4,1187
Texvc2LaTeXBot,1172
SoxBot VII,1155
BendelacBOT,1153
MerlBot,1139
NekoBot,1126
Citation bot 2,1121
AudeBot,1120
EnzaiBot,1114
O bot,1095
DeadLinkBOT,1083
Nixbot,1039
Memty Bot,1037
SantoshBot,1032
StefanBot,1028
Janna Isabot,1026
Slobot,1021
Analphabot,1020
AilurophobiaBot,1014
NrhpBot,1013
GracenotesBot,1003
WdefconBot,997
Botlaf,996
Andrewbot,981
Guanabot2,972
CbmBOT,966
STBotT,962
RobotQuistnix,940
WxBot,938
ClueBot VI,936
Ficbot,928
LostBot,912
DataflowBot,910
ClueBot V,891
Fajrbot,890
Botpankonin,889
SDPatrolBot II,889
Yetanotherbot,888
PocKleanBot,876
SwiftBot,875
Addihockey10 (automated),866
Razibot,862
John of Reading Bot,861
Alirezabot,858
AntiAbuseBot,856
DinoBot,856
Anibot,838
Legobot III,829
Joe's Olympic Bot,819
AndreasJSbot,818
EBot,807
JhealdBot,805
Rameshngbot,794
VP-bot,790
Roomba,779
ElMeBot,775
NobelBot,774
Fetofsbot2,759
Cyberbot Trial Bot,746
MedcabBot,744
Mulder416sBot,739
ChzzBot,733
TTObot,733
7SeriesBOT,723
WODUPbot,722
GnawnBot,702
GZ-Bot,694
MandelBot,680
BaldBot,680
Botz~enwiki,675
DpmukBOT,668
Taxobot,667
Comics-awb,661
ChessBOT,655
Manishbot,654
SheepBot,654
MartinBotII,646
Caypartisbot,633
GeorgeMoneyBot-status,617
Planktonbot,611
TypoBot,600
Bellezzasolo Bot,596
Bot24,593
Newsletterbot,593
Robotic Garden,592
Danumber1bot,590
Stwalkerbot,572
SprinterBot,570
Riad.Bot~enwiki,558
BoxCrawler,557
VandalCountBot,529
A-lú-mih-bot,526
Halibott,525
VsBot,522
DEagleBot,519
Commons fair use upload bot (usurped),519
Infobox Journal Update Bot,516
UgenBot,506
Diligent Terrier Bot,501
AIDbot,494
ListManBot,493
MOSNUM Bot,492
Innocent iwbot,491
Riccardobot,490
XLerateBot,488
Kal-El-Bot,482
DrTrigonBot,481
Kurando-san,480
Naudefjbot~enwiki,478
Botx,477
PhotoCatBot,470
YasBot,470
Citation bot test,467
NeuRobot,461
AlptaBot,458
SDZeroBot,455
HujiBot,453
Bitbotje,450
SamoaBot,448
HBC archive builderbot,448
DrFO.Tn.Bot,446
Tawbot~enwiki,438
DavidWSBot,435
DYKReviewBot,427
AsgardBot,425
Swimmingbot-awb,419
MCBot,417
BenjBot,417
AHbot,417
PorthosBot,415
RoboDick~enwiki,412
TheJoshBot,409
Xphoisbot,403
BrainistBot,402
HersfoldBot,396
Mgmbot,395
RCBot~enwiki,387
JJBot,386
Albotim,385
Philosopher-Bot,384
InstructorCommentBot,383
Manubot,382
Anybot,374
AlaibotToo,373
KaldariBot,371
Dibot,371
AMABot,368
HhhipBot,366
Dinybot,360
JJMC89 bot II,353
EarwigBot I,351
MalarzBOT,346
AloysiusLiliusBot,324
Swindbot,317
NilfaBot,317
AZatBot~enwiki,315
PALZ9000,315
OrophinBot,314
MrVanBot,313
AswnBot,311
Denbot,310
Milk's Favorite Bot II,306
QOTDBot,303
Matt Crypto (bot),302
CJBot,298
Pfft Bot~enwiki,293
SVGBot,293
Sumibot,291
QEDKbot,289
BotPuppet,287
Fz29bot,286
Gabrielchihonglee-Bot,279
QualiaBot,273
Tulsibot,272
IcalaniseBot,268
Eybot~enwiki,265
SportsStatsBot,265
EgressBot,264
ArbClerkBot,262
Botones,261
JMuniBot,259
GuilhermeLuanHadshi,258
LSG1-Bot,257
EddieBot,252
PockBot,250
SeventyThreeBot,245
DraiconeBot,241
BackfireBotII,240
Egmontbot,235
Demibot,233
XeBot,230
Admrbot,230
EdBot,220
Maathavanbot,220
FritzpollBot,219
DeliveryBot,215
Botryoidal,211
Peelbot,210
SusBot~enwiki,209
Nguoimay,208
PCbot,206
UncatTemplateBot,199
Jakebot,198
SmackallBot,197
Botalex,196
The Anonybot,191
HMBot~enwiki,185
KuduBot,185
Krdbot,185
IndvTbot,183
ReigneBOT,182
BLPWatchBot,182
Kobotbel,180
RetractionBot,179
MichaelBillingtonBot,179
Kgsbot,177
KharBot,177
HawkEyeBot,172
OpenlibraryBot,169
Kaspobot,165
AutocracyBot,164
SAMI.Bot,159
Bean49Bot,159
StanfordLinkBot,157
ShakingBot,155
DatabaseBot,154
FixyBot,152
KolBot,152
Kumar Appaiah Bot,151
WMUKBot,150
Xaris333Bot,146
CensusBot,143
VeinorBot,135
L293D (AWB),132
The Auto-categorizing Robot,131
MaatyBot,131
FlBot,131
Pattonbot,128
SpeedyBot,126
SamuraiBot,123
Dasschaefchenbot,119
Tigraan-testbot,116
Matthewrbot,116
Shuaib-bot,115
StormBot,114
CorenANIBot,114
StradBot,112
KMLbot,112
Xcbot,112
Homobot,110
Cherybot,110
EnigmaBot,110
Tuonela,110
MajavahBot,106
ASammourBot,105
Orphaned talkpage deletion bot,105
DottyQuoteBot,104
Fettgesicht,102
Andrea105Bot,101
MauchoBot,99
Lockalbot,97
Gaelan Bot,97
LkolblyBot,97
Fritzbot,96
H2Bot,95
ReaperBot X,94
GiftBot,93
Parent5446 Bot,90
AlyBot,87
BotChristophe,86
Topjabot~enwiki,85
StatsBot,85
NohatBot,84
TaeBot,83
RWHbot,83
PxBot,82
DschwenBot,82
Rob110178bot,79
SkiersBot,79
CSBot,78
SharafBot,77
Autotitlechange,76
DinoSizedBot,75
Aibot,73
Bersibot,72
Antischmitzbot,72
WilhelmBot,72
Project Messenger Bot,72
ImageBot,72
Cronbot,70
Interwikis,68
EBot III,68
Coreva-Bot,68
CleanupWorklistBot,68
FloggerBot,67
BacDiveBot,67
AndymwBot,67
Knedlik-Pod,66
BlueRobot~enwiki,66
Robthbot,65
GrooveBot,65
SataniaBot,65
WestVirginiaMountineer,64
Seppi333Bot,64
RaBOTnik,62
DanielBot,62
CanaryBot,61
HBC RenameClerkBot,60
Noble Story Bot,60
YekratsBot~enwiki,59
DarioBot~enwiki,59
Userboxbot,59
ArbComBot,58
Jsgray1993,57
Chris G Bot 2,57
JerryBot,56
Sgeo-BOT,56
BotSottile,56
AusTerrapinBotEdits,55
NeraBot,55
Selmobot,55
DusterBot,55
Aplikasi-Bot,53
JoshurBot,53
Mutleybot,52
Z-BOT,52
STTWbot,51
Puggansbot,51
EaglesBot,51
H.b.shbot,51
Grim Reaper Bot,50
SecuniBot,50
PortalBot~enwiki,49
UsbBot,49
JagRoBot,49
StubListBot,49
CarnivorousBot,49
Botodo,48
DavidLeighEllisBot,47
IsraBot,47
Xenophon (bot),46
Xwbot,46
R. Hillgentleman,46
CinemaBot,46
HairBot,46
ZadBot,46
Rootology Bot,45
EberBot,45
EagleAstroidBot,45
Alch Bot,45
OrBot,44
Perebot~enwiki,42
Lsmb-release-bot,42
BrandonBot,41
VisualizedConceptsBot~enwiki,40
Red Thrush's Bot,39
Apostrobot,39
KiloBot,36
FearBot,35
UltraBot,34
Wherebot,34
Navibot,33
SandgemBot,33
QovulwBot,33
Etherbot,33
DinojermBot,32
TWLBot,32
RF1 Bot,32
PsBot,31
Smallbot,31
Phoenix-bot,31
Orphaned image deletion bot,31
UnitBot,30
BücherBot,29
SPPatrolBot,29
RFC posting script,28
DieBucheBot,28
SgtDrini,27
Mihas-bot,27
Afkbot,27
Dpkbot,26
WPArkansas Bot,26
Ryan Vesey Bot,26
Tahir-bot,26
ChayitaBOT,26
Torbot,26
DipankanBot,26
M-Bot,25
Hintssbot,25
ReaperBot,25
SreeBot,24
Erik E VestBot,24
The Little Pixie's Friend,24
SOM TELL HELPER,23
ESBot,23
SmeiraBot~enwiki,23
Prombot,23
SQLBot-AmazonAffiliateRemoval,23
Dcirovicbot,22
IPLRecordsUpdateBot,22
WikiWelcomer,22
PereBot,22
Ir4ubot,21
WhiBot,21
MixBot,21
MHP07Bot,21
IdeoBot,20
AftabBot,20
Hockeybot,20
AGbot,20
CleanupListingBot,20
Mmbot,19
CSDCheckBot,19
MfDBot,19
Creffbot,19
NolBot,18
TrustMeImAIRobot,18
SireBot,18
TorNodeBot,18
LantayBot,18
Luke081515Bot,18
Bot11598,18
File Upload Bot (Kaldari),17
T-850 Robotic Assistant,17
ShabBot,17
CalakBot,17
Town-bot,17
SkylinBot,17
AniBot,17
Portal box bot,17
People-photo-bot,16
Madhubot,16
Goalkeeperbot,16
Smartbot,16
AwOcBot,15
RyRyBot,15
PikminBot,15
NNBot,15
SpreadthesignBot,15
SpebiBot,14
RomanianFootballBot,14
MastersBot,14
Sn1pebot,14
Dedebot,14
JohandBot,14
PraetorianCheese,13
Naohiro19bot,13
Philosobot,13
HBC AIV helperbot12,13
ChessRatingBot,13
Porthysek's P.I. (Bot),13
MiszaBot I,12
CommonsDelinquent,12
Cheers!-bot,12
CloudNineBot,12
LerdsuwaBot,12
NeechalBOT,12
Kolega2357-Bot,12
WikiProject Notification Service,12
Wikification Bot,12
EpopBot,11
SebrevBOT,11
Soccoro,11
BoricuaBot,11
PasabaUnBotPorAqui,11
ArticleGrinder,11
Ale jrb bot,11
WillowBot,11
SpellCheckerBot,11
AntiCompositeBot,11
PhiloBot,10
Valhallasw-bot,10
Wikipedia Signpost,10
YeltsinfanBot,10
Wii Wiki Bot,10
RollbackerBOT,10
CLT20RecordsUpdateBot,10
Humbot,10
KhrisBot,10
JeffGBot,9
MBot~enwiki,9
KidsBot,9
Lunabot,9
SurenaBot,9
Langbot,9
Mendeleevbot,9
ScriptNastaliqBot,9
Japbot,9
JohnFLBot,9
GPHbot,9
Dark Shikari Bot,8
Eskimospy Bot,8
Bot-chan-II,8
Guoguo12Bot,8
AEBot,8
Latexbot,8
WelcomeWikiBot,8
ThundaBot,8
BoBot,8
PinpointBot,8
UserPageActionsBot,8
ExodusBot,8
ToolWikiBot,8
SMS Bot,7
PlangeBot,7
W950712Bot,7
RefBot,7
Bolling26,7
SpeakerBot,7
OctraBot,7
PmegBot,7
Speedybot,7
Jnanabot,7
DanhashBot,7
BolatbekBot,7
InactivityEmailBot,7
DeleteAsstBot,7
MichaelkourlasBot,7
MikemoralBot,7
TarHippoBot,7
GIBBot,7
ExpertIdeasBot,6
HersfoldCiteBot,6
AiuwBot,6
NameBot~enwiki,6
Xiaogiabot,6
DallasBot,6
BotCompuGeek,6
TyAbot,6
TecBot,6
Pi's Bot,6
KhunterBot,6
Trailbehind-bot,6
SagaCookBot,6
FacebookBot,6
Longbot,6
ArmadilloProcessBot,6
SoxBot IX,6
WereallalrightBOT,6
AfdlBot,6
PxBot II,6
MayorofrosharonBot,6
ContentCreationBOT,6
MoovidaBot,6
Ringobot,6
QuestionCopyright,6
JoelHelperBot,6
PoplLyricsBot,6
DiyarBot,6
PostOnTalk,6
Rabbot,5
Heikobot,5
RapidBot,5
CyroBot~enwiki,5
Babylon5~enwiki,5
Guardian Robot 3568NG,5
IainadamsBot,5
Bookbot,5
Cwt96bot,5
EnzetBot,5
GrassnBreadBot~enwiki,5
MadMarkbot,5
EmailBot,5
DownloadBot,5
PfamWikiBot,5
FariBot,5
EnDecoderBot,5
GrammaBot,5
YpnBot,4
SVnaGBot1,4
GeorgeMoneyBot,4
Cellistbot,4
FlagBot,4
Armanbot,4
Tullbot~enwiki,4
MessengerBot~enwiki,4
Xinbenlv bot,4
NVS(bot),4
Locke Bot,4
Yrbot~enwiki,4
Project Rastko bot,4
Darkicebot II,4
Shoutboundbot,4
BazookaBot,4
Tadas12-bot,4
Numptybot,4
Apocatequil~enwiki,4
DoyleyBot,4
WASDbot,4
Jonny-bot,4
Commonb0t,4
TaskForceBot,4
BubbleArtBot,4
AsenineBot,4
Xqbot 1,4
FA RotBot,4
Metriki,4
SoupBot,4
ThetaBot,4
WPPageListBot,4
BatreeqbotPro,4
OmarGhridaBot,4
Genderlessbot,4
Skxll Mark-2,4
SW9Bot,4
Meker Edtitor1,4
Sudoplusii,4
SudokuBing,4
NanoBot,4
Autobot,3
BokimBot,3
Computermacgyverbot,3
FischBot,3
ProgrammingBot,3
ThorBot,3
ArshavaBot,3
Fobox,3
Panicbot,3
AlptaSandboxBot,3
SubstBot~enwiki,3
Nichalp-bot,3
Good Article Patrol Bot,3
MacMed auto,3
PrzemuBot,3
HiTeCBot,3
ExpertCommentBot,3
MetrikiBot,3
ScottLantz2,3
DalcherBot,3
DreamBot,3
Jonjonbot,3
HBC AIV helperbot9,3
DividingBot,3
Citation bot 3,3
BarkBot,3
Jager Bot,3
CataBotTsirel,3
Prof.Bot.1,3
GeniusBot,3
CMoonBot,3
SunCreatorBot,3
ConnectiBot,3
AVdiscuBOT,3
A bot called Bob,3
BlackDart,3
EdinBot,3
Wpp research bot,3
Bot for Justice,3
FWTestBot,3
PNG recompression,3
Ethen12bot,3
Botrie,3
PavloChemBot,3
GameSpot-Eng-Bot,3
Munjabot~usurped,3
DemocraticsBot,3
JThorneBOT,3
Doombot,3
Nothingbot,3
Naomi2319bot,3
BezkingBot-Link,2
FRadical Bot,2
Mkdw Bot,2
Sigmabot,2
Elissonbot,2
AngBot,2
Edbot~enwiki,2
XaxaBot,2
Natig98bot,2
Bot-chan~enwiki,2
VoABot III,2
Gabriel-Bot,2
Zeronosayoukubot,2
GCIBot,2
CitationTool,2
SashkoBot,2
SoxrockBot,2
Petr Kyborg,2
Anonymoususerdaily,2
Xibot,2
ShinBot,2
SdBot,2
Seedbot2,2
RoggBot,2
Bot FH,2
RichardcavellBot,2
Wpcat,2
MoondyneBot,2
PanzerBot,2
InfoBot~enwiki,2
AmigaBot,2
SplineBot,2
AddihockeyBot,2
ScanDot,2
Macro Bot,2
RelistBot,2
Josh3580 BOT,2
JaskaBOT,2
SLMSBot,2
LA2-bot,2
TrBot,2
RepairBot,2
FSBot I,2
Bot van der Hoorn,2
Antime Bot I~enwiki,2
EuseBot,2
SUL Bot,2
PhyloBot,2
SKbot,2
BackfireBot,2
SidoBot,2
NerdyScienceBot,2
MotinBot,2
So-Mr.Z-bot,2
Rø bot,2
USCOTM Bot,2
Tanqbot,2
Vinne2.bot,2
Ethen12bot 2,2
GrashoofdBot,2
Imbot1,2
StubSyncBot,2
ArticleListBot,2
ProgreSS,2
StillwaterBot,2
BraincricketBot,2
AFCbot,2
Danroks bot,2
??:?,2
Rodrigo Padula (BOT),2
Danilo.bot,2
FolksourceBot,2
CX42 Bot,2
EastEnders Bot,2
Adrián Neves Bot,2
Joel's Bot,2
SageBot,2
PerlegoEditorBot,2
Eflybot,2
BSqure,2
BadCitationBot,2
ZhengdunBot,2
PowerBOT,1
BumlaBot,1
People-n-photo-bot,1
Image-req-proj-bot,1
PattyBot,1
EssjayBot IV,1
PsychAWB,1
Cyberbot,1
SpongeBot (usurped),1
KhiviBot,1
ShakataBot,1
ShinmaBot,1
Slowbot,1
BezkingBot,1
CleanBot,1
PC78-bot,1
TrionaBot,1
Reader bot,1
MazinBot,1
ProtectionBot,1
Spelian,1
GBenemyBot,1
LolBot,1
ZkBot,1
BannerBot,1
ChoreBot,1
Xubiquitous,1
LuddsBot,1
Edmundobot,1
Pparazorbot,1
KingRbot,1
TeoBot,1
Pp-bot,1
GoatBot,1
Einsteinbot,1
CwraschkeDataBot,1
Nomenclaturebrowser,1
SpammerTrapBot,1
FlutefluteBot,1
BlackpoolFCBot,1
GaemariBot,1
CAT:TEMP deletion bot,1
NorefBot,1
LolsimonBot,1
Porchcorpterbot,1
Typebot,1
PatersBot,1
Pranbot,1
Prabot,1
Livetslott,1
Livetslotteri,1
WizardBot,1
Shanbot,1
Courcelles Bot,1
CekPotBot,1
BlackDemon2,1
AllaSmackBot,1
Bonabot,1
WBot17,1
WalkingSoulBot,1
MomijiRoBot,1
Yoni12Bot,1
RjpBot,1
VibhijainBot,1
FroggyBot,1
UK Legislation Bot,1
Cyberbot III,1
SimoneBot,1
Colourful Bot,1
TronBot,1
Mainulmizan bot,1
Whymbot,1
SocialBot,1
Ryan-Bot,1
FahBot,1
YansearchBot,1
ONKbot,1
QuerubBOT,1
1VeertjeBot,1
Patrick87-Bot,1
Descriptioncreator,1
CultureBot,1
Boten Anna,1
MarmaseBot,1
RHbot,1
AntidereBot,1
SchuBota,1
MohandesBot,1
Tokrkbot,1
KoehlBot,1
DanKoehlBot,1
Sn1pebot Mk. II,1
Bobergerbot,1
Wargo32.exe,1
Lowercase sigmabot V,1
Lowercase sigmabot I,1
BrackiBot,1
Shareobot,1
Rahhib,1
MedHrox,1
MedusaBOT,1
