Pigsonthewing,190975,10
Kudpung,92515,10
In actu,1725,10
Koavf,1501381,9
Headbomb,265661,9
Imzadi1979,98923,9
FlightTime,96432,9
Bri,92013,9
DannyS712,78926,9
Steven Crossin,35580,9
Wesley Wolf,35059,9
Winged Blades of Godric,30568,9
BrownHairedGirl,1486023,8
TAnthony,399658,8
Another Believer,247057,8
Epicgenius,209650,8
Paine Ellsworth,141902,8
SMcCandlish,137720,8
Jon Kolbert,125431,8
Steel1943,113232,8
Hawkeye7,81666,8
Montanabw,81655,8
Praxidicae,70935,8
MrX,70823,8
Taketa,59809,8
JFG,41792,8
Fredddie,40920,8
Coffee,39573,8
Dan Koehl,33227,8
Ahecht,29202,8
Andrew Davidson,19444,8
CAPTAIN MEDUSA,18002,8
KCVelaga,14488,8
Cameron11598,12576,8
Lingzhi2,3914,8
Drkay,358,8
Chrissymad,1,8
Rich Farmbrough,1254142,7
Beyond My Ken,226963,7
The Rambling Man,221745,7
SandyGeorgia,156684,7
Toddst1,107374,7
Corkythehornetfan,96298,7
Jeff G.,94807,7
Sam Sailor,86123,7
Boghog,84216,7
Ukexpat,83251,7
Matthiaspaul,72199,7
Naraht,70426,7
Erik,67928,7
Widefox,67817,7
The-Pope,60411,7
Kaldari,55560,7
John Cline,53108,7
GreenMeansGo,51999,7
Fitindia,50032,7
Bluerasberry,40729,7
Lordtobi,35215,7
Satellizer,34669,7
Ammarpad,31770,7
IceWelder,30903,7
~riley,29219,7
Insertcleverphrasehere,29144,7
Petrb,26632,7
Floydian,24345,7
Godsy,23639,7
StraussInTheHouse,22082,7
1997kB,21783,7
Dane,15586,7
Wittylama,9283,7
CodeLyoko,7036,7
Kostas20142,6683,7
Nomader,5469,7
Nnadigoodluck,3681,7
Isarra,3672,7
Modern Major General,2807,7
The Duke of Nonsense,1198,7
Jami (Wiki Ed),805,7
My76Strat,10,7
The Mad Monarchist,2,7
Lugnuts,910086,6
Ss112,390521,6
I dream of horses,382235,6
Onel5969,332205,6
Rodw,224046,6
Sitush,208655,6
KylieTastic,190053,6
Dawnseeker2000,186253,6
Tbhotch,163714,6
Baseball Bugs,162532,6
AussieLegend,150168,6
PamD,130702,6
Jaguar,128295,6
AddWittyNameHere,115124,6
Moe Epsilon,114106,6
Voceditenore,112992,6
Peter coxhead,112101,6
Edwardx,108880,6
S.A. Julio,101437,6
Josve05a,100042,6
Alex 21,94866,6
Bonadea,93983,6
EchetusXe,91138,6
Juhachi,90781,6
Cassiopeia,89565,6
Feminist,88448,6
Carrite,78376,6
K.e.coffman,71678,6
Serial Number 54129,69098,6
Captain Assassin!,65980,6
Sceptre,64517,6
Ian Rose,60971,6
Jim.henderson,59930,6
Status,57872,6
Vaselineeeeeeee,57738,6
117Avenue,57156,6
Favre1fan93,56191,6
Xaosflux,55927,6
Gwillhickers,55905,6
Störm,55536,6
Britishfinance,53758,6
Dan arndt,53641,6
KGirlTrucker81,46143,6
Rhododendrites,45545,6
TriiipleThreat,45152,6
GSS,44165,6
Miyagawa,44123,6
Lopifalko,43505,6
Guy Macon,42830,6
Pkbwcgs,39212,6
Home Lander,35217,6
Chris troutman,33609,6
NortyNort,33544,6
Peaceray,32499,6
Narutolovehinata5,31161,6
Train2104,30136,6
Polo,29318,6
MRD2014,28947,6
Checkingfax,28261,6
Seppi333,27812,6
GeoffreyT2000,27196,6
UY Scuti,27178,6
Atsme,27094,6
SuperHamster,26979,6
Power~enwiki,24674,6
AKS.9955,24635,6
SamHolt6,24561,6
L293D,24534,6
Iazyges,24374,6
Mark Schierbecker,23879,6
Barbara (WVS),23829,6
CASSIOPEIA,23505,6
Danlaycock,23372,6
Brojam,23031,6
DatGuy,22980,6
Torchiest,22434,6
Mathglot,21834,6
Crosstemplejay,21711,6
Jbhunley,21583,6
Natureium,21447,6
Schierbecker,21287,6
Tom (LT),21018,6
Johnsmith2116,20261,6
Vinegarymass911,20162,6
Brycehughes,19064,6
Samee,19011,6
Coffeeandcrumbs,17481,6
Seth Whales,17385,6
Dwergenpaartje,16506,6
Paul2520,15347,6
Omni Flames,15322,6
TCN7JM,14838,6
Inks.LWC,14813,6
AntiCompositeNumber,14623,6
Wario-Man,14087,6
Grey Wanderer,13802,6
Nihlus,13040,6
MargaretRDonald,12672,6
RileyBugz,12328,6
Jim Carter,12246,6
Celestina007,11929,6
Vermont,11853,6
Eddie891,11614,6
IVORK,10923,6
Patient Zero,10080,6
MarkH21,9546,6
SshibumXZ,8953,6
Nightfury,8885,6
TheDoctorWho,8613,6
Mr. Smart LION,7812,6
Waggie,7771,6
Osarius,7679,6
Courcelles is travelling,7489,6
JamesBWatson3,7121,6
Jupitus Smart,7031,6
Dee03,6925,6
Rystheguy,6696,6
-revi,6075,6
Robertgombos,4597,6
Smirkybec,4328,6
Tenniscourtisland,3980,6
Cthomas3,3791,6
FULBERT,3777,6
Jeremyb,2619,6
Mifter Public,1360,6
1233,898,6
Iridescent 2,701,6
Nordic Nightfury,17,6
Shellacked!,16,6
Sovereign Sentinel,1,6
Marcus Aurelius Antoninus,1,6
Dl2000,597556,5
Jevansen,593790,5
Bender235,431445,5
GoingBatty,373707,5
Dr. Blofeld,359267,5
Niceguyedc,329235,5
TonyTheTiger,328303,5
Zyxw,327020,5
William Avery,320669,5
Jweiss11,284030,5
Markussep,278128,5
Aboutmovies,237759,5
Boleyn,232734,5
TenPoundHammer,213675,5
Gerda Arendt,212957,5
CAPTAIN RAJU,211572,5
Buaidh,208730,5
Fortdj33,200808,5
Doug Weller,190410,5
Encyclopædius,189083,5
Marek69,183120,5
JackofOz,179142,5
Piotrus,169396,5
Kerry Raymond,165794,5
Cplakidas,165708,5
Fram,163794,5
JarrahTree,160991,5
Clarityfiend,157745,5
Pvmoutside,157175,5
Funandtrvl,151773,5
Nick Number,150659,5
Bovineboy2008,149178,5
Ahunt,146150,5
In ictu oculi,144922,5
BilCat,139058,5
Rikster2,138542,5
Andy Dingley,137955,5
Rjensen,135162,5
Chiswick Chap,133511,5
